CREATE TABLE if NOT EXISTS nyelv(
 	id INT AUTO_INCREMENT PRIMARY KEY,
 	fnyelv VARCHAR(20),
 	cnyelv VARCHAR(20),
 	egysegar INT);

CREATE TABLE if NOT EXISTS doku(
	id INT AUTO_INCREMENT PRIMARY KEY,
	terjedelem INT,
	szakterulet VARCHAR(50),
	nyelvid INT,
	munkaido INT,
	FOREIGN KEY(nyelvid) REFERENCES nyelv(id));

CREATE TABLE if NOT EXISTS szemely(
	id INT AUTO_INCREMENT PRIMARY KEY,
	nev VARCHAR(50) UNIQUE,
	elerheto BOOLEAN);

CREATE TABLE if NOT EXISTS fordito(
	nyelvid INT NOT null,
	szemelyid INT NOT NULL,
	PRIMARY KEY(nyelvid,szemelyid),
	FOREIGN KEY(nyelvid) REFERENCES nyelv(id),
	FOREIGN KEY(szemelyid) REFERENCES szemely(id));


INSERT INTO `nyelv` (`id`, `fnyelv`, `cnyelv`, `egysegar`) VALUES
	(1, 'magyar', 'angol', 4000),
	(2, 'magyar', 'német', 4000),
	(3, 'magyar', 'spanyol', 4000),
	(4, 'magyar', 'olasz', 4000),
	(5, 'magyar', 'francia', 4000),
	(6, 'magyar', 'albán', 8000),
	(7, 'magyar', 'arab', 8000),
	(8, 'magyar', 'bolgár', 8000),
	(9, 'magyar', 'cseh', 8000),
	(10, 'magyar', 'dán', 8000),
	(11, 'magyar', 'észt', 8000),
	(12, 'magyar', 'finn', 8000),
	(13, 'magyar', 'héber', 10000),
	(14, 'magyar', 'holland', 10000),
	(15, 'magyar', 'horváth', 4000),
	(16, 'magyar', 'japán', 10000),
	(17, 'magyar', 'kínai', 10000),
	(18, 'magyar', 'latin', 10000),
	(19, 'magyar', 'lengyel', 4000),
	(20, 'magyar', 'lett', 4000),
	(21, 'magyar', 'litván', 4000),
	(22, 'magyar', 'norvég', 4000),
	(23, 'magyar', 'orosz', 4000),
	(24, 'magyar', 'portugál', 7000),
	(25, 'magyar', 'román', 4000),
	(26, 'magyar', 'svéd', 7000),
	(27, 'magyar', 'szerb', 4000),
	(28, 'magyar', 'szlovák', 4000),
	(29, 'magyar', 'szlovén', 4000),
	(30, 'magyar', 'török', 9000),
	(31, 'magyar', 'ukrán', 4000),
	(32, 'magyar', 'azeri', 10000),
	(33, 'magyar', 'belorusz', 4000),
	(34, 'magyar', 'bengáli', 14000),
	(35, 'magyar', 'dari', 12000),
	(36, 'magyar', 'eszperantó', 8000),
	(37, 'magyar', 'flamand', 10000),
	(38, 'magyar', 'hindi', 10000),
	(39, 'magyar', 'indonéz', 10000),
	(40, 'magyar', 'kazah', 10000),
	(41, 'magyar', 'koreai', 10000),
	(42, 'magyar', 'kurd', 10000),
	(43, 'magyar', 'macedon', 4000),
	(44, 'magyar', 'mongol', 10000),
	(45, 'magyar', 'örmény', 10000),
	(46, 'magyar', 'perzsa', 10000),
	(47, 'magyar', 'tibeti', 10000),
	(48, 'magyar', 'vietnámi', 10000),
	(49, 'magyar', 'katalán', 10000),
	(50, 'angol', 'magyar', 4000),
	(51, 'német', 'magyar', 4000),
	(52, 'spanyol', 'magyar', 4000),
	(53, 'olasz', 'magyar', 4000),
	(54, 'francia', 'magyar', 4000),
	(55, 'albán', 'magyar', 8000),
	(56, 'arab', 'magyar', 8000),
	(57, 'bolgár', 'magyar', 8000),
	(58, 'cseh', 'magyar', 8000),
	(59, 'dán', 'magyar', 8000),
	(60, 'észt', 'magyar', 8000),
	(61, 'finn', 'magyar', 8000),
	(62, 'héber', 'magyar', 10000),
	(63, 'holland', 'magyar', 10000),
	(64, 'horváth', 'magyar', 4000),
	(65, 'japán', 'magyar', 10000),
	(66, 'kínai', 'magyar', 10000),
	(67, 'latin', 'magyar', 10000),
	(68, 'lengyel', 'magyar', 4000),
	(69, 'lett', 'magyar', 4000),
	(70, 'litván', 'magyar', 4000),
	(71, 'norvég', 'magyar', 4000),
	(72, 'orosz', 'magyar', 4000),
	(73, 'portugál', 'magyar', 7000),
	(74, 'román', 'magyar', 4000),
	(75, 'svéd', 'magyar', 7000),
	(76, 'szerb', 'magyar', 4000),
	(77, 'szlovák', 'magyar', 4000),
	(78, 'szlovén', 'magyar', 4000),
	(79, 'török', 'magyar', 9000),
	(80, 'ukrán', 'magyar', 4000),
	(81, 'azeri', 'magyar', 10000),
	(82, 'belorusz', 'magyar', 4000),
	(83, 'bengáli', 'magyar', 14000),
	(84, 'dari', 'magyar', 12000),
	(85, 'eszperantó', 'magyar', 8000),
	(86, 'flamand', 'magyar', 10000),
	(87, 'hindi', 'magyar', 10000),
	(88, 'indonéz', 'magyar', 10000),
	(89, 'kazah', 'magyar', 10000),
	(90, 'koreai', 'magyar', 10000),
	(91, 'kurd', 'magyar', 10000),
	(92, 'macedon', 'magyar', 4000),
	(93, 'mongol', 'magyar', 10000),
	(94, 'örmény', 'magyar', 10000),
	(95, 'perzsa', 'magyar', 10000),
	(96, 'tibeti', 'magyar', 10000),
	(97, 'vietnámi', 'magyar', 10000),
	(98, 'katalán', 'magyar', 10000),
	(99, 'angol', 'német', 5000),
	(100, 'angol', 'spanyol', 7500),
	(101, 'angol', 'olasz', 7500),
	(102, 'angol', 'francia', 6000),
	(103, 'angol', 'lengyel', 7500),
	(104, 'angol', 'lengyel', 7500),
	(105, 'angol', 'orosz', 6000),
	(106, 'angol', 'portugál', 7500),
	(107, 'angol', 'román', 7500),
	(108, 'angol', 'szlovák', 7500),
	(109, 'angol', 'szlovén', 7500),
	(110, 'angol', 'török', 8000),
	(111, 'német', 'angol', 5000),
	(112, 'spanyol', 'angol', 7500),
	(113, 'olasz', 'angol', 7500),
	(114, 'francia', 'angol', 6000),
	(115, 'lengyel', 'angol', 7500),
	(116, 'lengyel', 'angol', 7500),
	(117, 'orosz', 'angol', 6000),
	(118, 'portugál', 'angol', 7500),
	(119, 'román', 'angol', 7500),
	(120, 'szlovák', 'angol', 7500),
	(121, 'szlovén', 'angol', 7500),
	(122, 'török', 'angol', 8000),
	(123, 'német', 'spanyol', 7500),
	(124, 'német', 'olasz', 7500),
	(125, 'német', 'francia', 7500),
	(126, 'német', 'lengyel', 7500),
	(127, 'német', 'lengyel', 7500),
	(128, 'német', 'orosz', 6000),
	(129, 'német', 'portugál', 8000),
	(130, 'német', 'román', 6000),
	(131, 'német', 'szlovák', 7500),
	(132, 'német', 'szlovén', 7500),
	(133, 'német', 'török', 7500),
	(134, 'spanyol', 'német', 7500),
	(135, 'olasz', 'német', 7500),
	(136, 'francia', 'német', 7500),
	(137, 'lengyel', 'német', 7500),
	(138, 'cseh', 'német', 7500),
	(139, 'orosz', 'német', 6000),
	(140, 'portugál', 'német', 8000),
	(141, 'román', 'német', 6000),
	(142, 'szlovák', 'német', 7500),
	(143, 'szlovén', 'német', 7500),
	(144, 'török', 'német', 7500);

INSERT INTO `doku` (`id`, `terjedelem`, `szakterulet`, `nyelvid`, `munkaido`) VALUES
	(1, 111932, 'jog', 3, 8),
	(2, 90630, 'hivatalos okmány', 1, 8),
	(3, 128217, 'informatika', 5, 4),
	(4, 81699, 'pszichológia', 91, 13),
	(5, 135694, 'jog', 65, 5),
	(6, 140936, 'hivatalos okmány', 5, 10),
	(7, 60677, 'informatika', 46, 8),
	(8, 75321, 'pszichológia', 23, 13),
	(9, 145299, 'jog', 1, 13),
	(10, 61808, 'hivatalos okmány', 2, 6),
	(11, 45416, 'informatika', 93, 8),
	(12, 25600, 'pszichológia', 56, 7),
	(13, 103703, 'kereskedelem', 96, 10),
	(14, 10017, 'marketing', 3, 7),
	(15, 104520, 'marketing', 88, 10),
	(16, 88806, 'idegenforgalom', 46, 9),
	(17, 25685, 'építőipar', 97, 9),
	(18, 103737, 'irodalom', 5, 14),
	(19, 43435, 'vegyipar', 1, 1),
	(20, 18902, 'pénzügy', 23, 11),
	(21, 87064, 'hivatalos levelezés', 52, 8),
	(22, 65690, 'gépészet', 7, 12),
	(23, 134454, 'elektronika', 35, 5),
	(24, 102427, 'életmód', 50, 11),
	(25, 134769, 'sport', 4, 10),
	(26, 83203, 'környzetvédelem', 54, 3),
	(27, 131487, 'marketing', 1, 15),
	(28, 130810, 'ingatlan', 2, 12),
	(29, 36753, 'logisztika', 51, 9),
	(30, 33051, 'marketing', 10, 7),
	(31, 126741, 'ingatlan', 52, 15),
	(32, 134898, 'logisztika', 50, 12),
	(33, 131665, 'pszichológia', 50, 11),
	(34, 33128, 'kereskedelem', 50, 5),
	(35, 13191, 'idegenforgalom', 51, 9),
	(36, 16977, 'marketing', 61, 10),
	(37, 100467, 'ingatlan', 50, 5),
	(38, 100532, 'marketing', 104, 13),
	(39, 13628, 'ingatlan', 49, 3),
	(40, 99985, 'logisztika', 23, 13),
	(41, 17736, 'hivatalos levelezés', 87, 6),
	(42, 96820, 'gépészet', 102, 14),
	(43, 82163, 'elektronika', 41, 13),
	(44, 82834, 'életmód', 32, 7),
	(45, 28346, 'sport', 40, 9),
	(46, 75106, 'életmód', 6, 5),
	(47, 31780, 'sport', 78, 2),
	(48, 134765, 'életmód', 23, 10),
	(49, 111867, 'sport', 92, 7),
	(50, 71202, 'életmód', 64, 3),
	(51, 60960, 'sport', 18, 12),
	(52, 124477, 'pszichológia', 50, 9),
	(53, 47953, 'kereskedelem', 9, 4),
	(54, 47275, 'idegenforgalom', 50, 7),
	(55, 48762, 'pszichológia', 68, 5),
	(56, 116143, 'pszichológia', 9, 2),
	(57, 147329, 'kereskedelem', 58, 15),
	(58, 92090, 'idegenforgalom', 50, 9),
	(59, 109009, 'irodalom', 89, 9),
	(60, 93969, 'irodalom', 34, 6),
	(61, 115456, 'irodalom', 50, 7),
	(62, 2911, 'sport', 20, 3),
	(63, 106903, 'irodalom', 59, 11),
	(64, 87564, 'irodalom', 50, 3),
	(65, 77039, 'irodalom', 50, 14),
	(66, 79114, 'pénzügy', 94, 6),
	(67, 137429, 'hivatalos levelezés', 87, 8),
	(68, 148592, 'gépészet', 50, 10),
	(69, 18006, 'elektronika', 93, 11),
	(70, 103342, 'pénzügy', 50, 13),
	(71, 124148, 'hivatalos levelezés', 29, 5),
	(72, 120648, 'gépészet', 14, 4),
	(73, 96161, 'elektronika', 77, 10),
	(74, 3139, 'életmód', 86, 8),
	(75, 114171, 'hivatalos levelezés', 89, 13),
	(76, 4823, 'hivatalos levelezés', 51, 1),
	(77, 84995, 'hivatalos levelezés', 10, 3),
	(78, 115263, 'hivatalos levelezés', 91, 14),
	(79, 55404, 'hivatalos levelezés', 50, 6),
	(80, 50803, 'hivatalos levelezés', 52, 11),
	(81, 137144, 'hivatalos levelezés', 12, 13),
	(82, 59669, 'pénzügy', 51, 10),
	(83, 24137, 'pénzügy', 3, 1),
	(84, 69478, 'irodalom', 3, 8),
	(85, 48414, 'irodalom', 50, 12),
	(86, 138129, 'irodalom', 39, 8),
	(87, 10767, 'irodalom', 50, 11),
	(88, 6045, 'irodalom', 50, 3),
	(89, 102679, 'irodalom', 58, 13),
	(90, 142379, 'pénzügy', 58, 14),
	(91, 141032, 'környzetvédelem', 51, 13),
	(92, 143820, 'környzetvédelem', 19, 15),
	(93, 123483, 'környzetvédelem', 50, 8),
	(94, 119705, 'környzetvédelem', 2, 3),
	(95, 121680, 'környzetvédelem', 129, 12),
	(96, 27461, 'vegyipar', 44, 10),
	(97, 142464, 'elektronika', 47, 2),
	(98, 54162, 'elektronika', 2, 7),
	(99, 91945, 'elektronika', 37, 8),
	(100, 74921, 'elektronika', 50, 2),
	(101, 88852, 'elektronika', 51, 13),
	(102, 119913, 'irodalom', 51, 5),
	(103, 127807, 'irodalom', 50, 5),
	(104, 42868, 'elektronika', 124, 4),
	(105, 142781, 'vegyipar', 2, 12),
	(106, 28415, 'elektronika', 60, 4),
	(107, 11871, 'elektronika', 91, 5),
	(108, 94497, 'elektronika', 23, 7),
	(109, 65428, 'irodalom', 120, 12),
	(110, 67236, 'irodalom', 10, 8),
	(111, 90071, 'irodalom', 6, 2),
	(112, 23792, 'irodalom', 1, 7),
	(113, 23435, 'vegyipar', 1, 11),
	(114, 96804, 'vegyipar', 1, 3);

INSERT INTO `szemely` (`id`, `nev`, `elerheto`) VALUES
	(1, 'Skvar Tamás', 0),
	(2, 'Tatár István', 0),
	(3, 'Siket Karen', 1),
	(4, 'Horváth Mercédesz', 0),
	(5, 'Dombovári Petra', 0),
	(6, 'Rém Elek', 0),
	(7, 'Kamarás Zsófia Viktória', 0),
	(8, 'Sebő Tas', 0),
	(9, 'Szendrődi Csaba', 0),
	(10, 'Berger Péter', 0),
	(11, 'Csonka Anna', 0),
	(12, 'Szelei Anikó Dorina', 0),
	(13, 'Kovács Ágnes', 0),
	(14, 'Szőke Mátyás', 0),
	(15, 'Kiss Zsófia', 0),
	(16, 'Bakos Kata Judit', 0),
	(17, 'Bodnár Anna Katalin', 0),
	(18, 'Keszthelyi Zsolt', 0),
	(19, 'Kiss Lajos', 1),
	(20, 'Szabó Orsolya Virág', 1),
	(21, 'Vég Kálmán', 0),
	(22, 'Hirzer Zsolt', 0),
	(23, 'Kincses Zoltán', 0),
	(24, 'Zentay Réka', 0),
	(25, 'Kovai Róbert', 0),
	(26, 'Koch Róbert', 0),
	(27, 'Szilágyi István', 1),
	(28, 'Horváth Pál', 0),
	(29, 'Duma Árpád', 0),
	(30, 'Nemes Gerda', 0),
	(31, 'Zsolnai Péter', 1),
	(32, 'Illés Nóra', 0),
	(33, 'Fődi Anna', 0),
	(34, 'Szűcs Lóránt', 0),
	(35, 'Borsos Anett', 0),
	(36, 'Sarlós Róbert', 0),
	(37, 'Hoffmann Bettina', 0),
	(38, 'Farkas Ildikó', 0),
	(39, 'Gál Brigitta', 1),
	(40, 'Szabó Izabella Diána', 0),
	(41, 'Rácz Lili', 1),
	(42, 'Botos Noémi', 0),
	(43, 'Kasznár Judit', 0),
	(44, 'Lengyel Zsófia', 0),
	(45, 'Kerekes Lili', 0),
	(46, 'Kis Barbara Emma', 0),
	(47, 'Vida Csongor', 0),
	(48, 'Nagy Eszter', 0),
	(49, 'Benkő Kata Enikő', 0),
	(50, 'Urbán Roland', 0),
	(51, 'Samu Blanka', 1),
	(52, 'Pálinkás Anna', 0),
	(53, 'Falch Emil', 1),
	(54, 'Teleki Kálmán', 0),
	(55, 'Sima Dezső', 0),
	(56, 'Rudas Ádám', 0),
	(57, 'Forrai Laura', 1),
	(58, 'Irinyi Katalin Ida', 0),
	(59, 'Hódi Vivien', 0),
	(60, 'Máté Oszkár', 0),
	(61, 'Püski Kata', 0),
	(62, 'Mészáros Anita Réka', 0),
	(63, 'Kis Nóra Judit', 0),
	(64, 'Nyári Judit', 0),
	(65, 'Balog Orsolya', 0),
	(66, 'Zombori Adrienn', 0),
	(67, 'Tóti Albert', 0),
	(68, 'Szabó Lilla', 0),
	(69, 'Petres Zoltán', 0),
	(70, 'Barta Petra', 0),
	(71, 'Rovó Petra', 0),
	(72, 'Bor János', 0),
	(73, 'Fogó Róbert', 0),
	(74, 'Juhász Imre', 0),
	(75, 'Nagy Tímea', 1),
	(76, 'Tanács Lilla', 0);

INSERT INTO `fordito` (`nyelvid`, `szemelyid`) VALUES
	(1, 1),
	(1, 4),
	(1, 5),
	(1, 15),
	(1, 17),
	(1, 19),
	(1, 33),
	(1, 35),
	(2, 3),
	(2, 14),
	(2, 20),
	(2, 27),
	(2, 29),
	(2, 31),
	(3, 6),
	(3, 8),
	(4, 2),
	(4, 7),
	(4, 22),
	(4, 23),
	(4, 26),
	(5, 9),
	(5, 12),
	(6, 11),
	(7, 13),
	(8, 25),
	(8, 30),
	(9, 32),
	(10, 34),
	(11, 10),
	(12, 16),
	(13, 18),
	(14, 21),
	(14, 24),
	(15, 28),
	(16, 27),
	(17, 5),
	(18, 1),
	(19, 3),
	(20, 23),
	(21, 11),
	(22, 12),
	(23, 33),
	(24, 6),
	(25, 30),
	(26, 36),
	(27, 37),
	(28, 38),
	(29, 8),
	(30, 5),
	(31, 4),
	(32, 39),
	(33, 40),
	(34, 41),
	(35, 42),
	(36, 43),
	(37, 44),
	(38, 45),
	(39, 46),
	(40, 47),
	(41, 48),
	(42, 49),
	(43, 50),
	(44, 51),
	(45, 52),
	(46, 53),
	(47, 54),
	(48, 55),
	(49, 4),
	(50, 1),
	(50, 4),
	(50, 5),
	(50, 15),
	(50, 17),
	(50, 19),
	(50, 33),
	(50, 35),
	(51, 3),
	(51, 14),
	(51, 20),
	(51, 27),
	(51, 29),
	(51, 31),
	(52, 6),
	(52, 8),
	(53, 2),
	(53, 7),
	(53, 22),
	(53, 23),
	(53, 26),
	(54, 9),
	(54, 12),
	(55, 11),
	(56, 13),
	(57, 25),
	(57, 30),
	(58, 32),
	(59, 34),
	(60, 10),
	(61, 16),
	(62, 18),
	(63, 21),
	(63, 24),
	(64, 28),
	(65, 27),
	(66, 5),
	(67, 1),
	(68, 3),
	(69, 23),
	(70, 11),
	(71, 12),
	(72, 11),
	(73, 6),
	(74, 30),
	(75, 36),
	(76, 37),
	(77, 38),
	(78, 8),
	(79, 5),
	(80, 4),
	(81, 39),
	(82, 40),
	(83, 41),
	(84, 42),
	(85, 43),
	(86, 44),
	(87, 45),
	(88, 46),
	(89, 47),
	(90, 48),
	(91, 49),
	(92, 50),
	(93, 51),
	(94, 52),
	(95, 53),
	(96, 54),
	(97, 55),
	(98, 4),
	(99, 2),
	(100, 8),
	(101, 56),
	(102, 57),
	(103, 58),
	(104, 59),
	(105, 60),
	(106, 61),
	(107, 62),
	(108, 63),
	(109, 64),
	(110, 65),
	(111, 2),
	(112, 8),
	(113, 56),
	(114, 57),
	(115, 58),
	(116, 59),
	(117, 60),
	(118, 61),
	(119, 62),
	(120, 63),
	(121, 64),
	(122, 65),
	(123, 66),
	(124, 67),
	(125, 68),
	(126, 69),
	(127, 70),
	(128, 71),
	(129, 72),
	(130, 73),
	(131, 74),
	(132, 75),
	(133, 76),
	(134, 66),
	(135, 67),
	(136, 68),
	(137, 69),
	(138, 70),
	(139, 71),
	(140, 72),
	(141, 73),
	(142, 74),
	(143, 75),
	(144, 76);
